https,218.27.169.24:80
https,144.123.46.106:8118
https,220.166.243.160:8118
https,60.255.230.185:808
https,120.33.247.108:36332
https,113.108.130.210:808
https,49.85.14.254:35620
https,115.237.9.75:8118
https,182.35.90.135:8118
https,114.229.5.174:8118
https,219.156.176.4:8118
https,153.99.146.163:80
https,119.5.176.197:53979
https,113.128.105.81:8118
https,120.8.85.119:80
https,101.65.197.229:808
https,183.163.166.2:8118
https,117.23.56.4:808
https,124.135.70.191:8118
https,222.42.227.166:80
https,175.17.9.68:8080
https,123.156.40.92:8118
https,119.167.54.104:8118
https,175.172.231.133:80
https,110.201.118.111:8080
https,121.31.102.242:8123
https,115.200.36.55:80
https,124.234.157.215:80
https,110.72.207.174:80
https,180.105.248.101:808
https,175.167.187.35:80
https,121.12.42.76:61234
https,27.16.223.218:8118
https,175.173.199.49:80
https,218.15.25.153:808
https,110.240.3.208:8118
https,182.108.5.117:8118
https,119.5.176.108:3979
https,115.200.31.37:8118
https,183.186.29.87:9999
https,117.95.83.47:38308
https,59.40.50.19:8010
https,125.119.55.250:40864
https,117.95.105.163:39413
https,121.12.42.100:61234
https,117.92.112.5:23993
https,110.73.52.132:8123
https,175.13.75.99:80
https,221.198.104.244:8118
https,124.132.60.155:8118
https,61.142.240.132:808
https,180.118.241.215:61234
https,123.55.1.223:46450
https,222.76.144.98:28707
https,58.56.149.198:53281
https,106.58.116.232:80
https,222.136.169.11:80
https,175.20.99.81:9999
https,183.146.11.237:35904
https,101.17.200.204:80
https,121.31.100.122:8123
https,27.40.153.30:61234
https,171.13.85.63:49829
https,110.73.48.174:8123
https,183.135.254.53:47303
https,218.73.129.125:47978
https,27.216.215.248:8118
https,27.41.193.116:80
https,27.151.78.54:808
https,175.151.51.130:80
https,117.33.92.122:80
https,122.237.104.93:80
https,27.40.158.141:61234
https,123.161.157.85:28973
https,114.99.73.1:40361
https,123.55.2.146:41615
https,124.115.34.12:80
https,180.106.111.248:8118
https,183.63.140.82:53281
https,124.89.33.59:53281
https,121.31.101.20:8123
https,124.112.209.60:808
https,27.41.184.232:9999
https,49.73.171.9:8118
https,121.12.42.247:61234
https,120.78.15.63:80
https,59.40.51.242:8010
https,121.31.102.137:8123
https,175.8.152.112:80
https,110.73.31.99:8123
https,221.4.133.67:53281
https,180.76.242.223:8080
https,175.23.19.71:80
https,222.221.172.172:9999
https,110.85.89.60:36874
https,49.87.180.143:41385
https,49.68.207.253:37849
https,27.40.153.132:61234
https,27.40.147.1:61234
https,123.146.238.241:53005
https,124.95.116.195:80
https,120.43.230.15:48036
https,121.205.254.184:49087
https,120.32.136.132:27923
https,171.108.205.85:53281
https,115.219.3.201:53281
https,60.175.212.180:39856
https,113.124.220.124:38782
https,121.12.42.97:61234
https,49.83.9.164:808
https,59.40.50.213:8010
https,123.149.163.61:808
https,114.238.130.7:39828
https,61.48.146.110:8888
https,39.64.2.100:8118
https,122.193.82.210:9999
https,222.161.158.167:9999
https,114.234.229.71:35441
https,121.12.42.5:61234
https,60.23.47.168:8118
https,112.228.187.39:8118
https,222.242.171.5:63000
https,182.90.50.132:8123
https,115.221.113.214:21690
https,58.193.0.80:8085
https,59.40.51.190:8010
https,59.40.51.200:8010
https,121.207.77.196:46183
https,180.118.243.0:61234
https,121.12.42.191:61234
https,175.43.118.32:9999
https,180.124.132.167:8118
https,116.249.85.182:8118
https,121.12.42.201:61234
https,121.12.42.158:61234
https,125.112.168.163:27556
https,183.133.70.148:8118
https,59.40.69.95:8010
https,121.12.42.18:61234
https,182.88.10.102:8118
https,221.8.187.160:80
https,180.155.142.193:21432
https,60.169.218.198:41363
https,1.199.153.125:36066
https,121.235.233.35:21654
https,115.226.145.232:28286
https,110.185.42.205:8118
https,113.69.97.64:8118
https,121.12.42.241:61234
https,123.161.236.221:20791
https,115.209.194.169:23454
https,180.120.211.56:8888
https,120.32.137.182:39486
https,183.189.114.76:80
https,49.84.87.164:38030
https,115.203.163.63:38636
https,118.77.157.182:9999
https,180.122.145.1:37350
https,49.68.228.97:38791
https,175.174.127.243:80
https,222.141.14.242:8118
https,112.81.143.4:8118
https,110.73.28.67:8123
https,139.211.65.129:9999
https,27.40.157.164:61234
https,115.51.30.46:80
https,123.188.102.120:9999
https,124.131.45.94:8118
https,175.148.108.84:9999
https,115.200.7.172:80
https,113.195.163.186:48888
https,221.208.198.194:9000
https,182.90.57.251:8123
https,111.224.101.49:808
https,110.72.46.181:8123
https,121.31.173.50:8123
https,171.36.63.108:8123
https,59.40.51.90:8010
https,125.127.155.170:8118
https,125.78.108.115:22139
https,125.104.230.127:46011
https,112.228.160.96:9999
https,110.85.89.208:27093
https,58.45.68.158:808
https,123.155.23.169:80
https,110.73.41.229:8123
https,117.69.247.86:42540
https,110.73.43.196:8123
https,121.31.100.214:8123
https,1.198.10.112:8118
https,106.44.80.124:80
https,110.73.12.46:8123
https,116.115.183.229:9999
https,120.40.134.51:38678
https,123.169.39.5:41590
https,123.54.194.141:22488
https,114.103.38.92:25836
https,180.102.28.180:36787
https,115.200.0.22:8118
https,115.208.194.116:9999
https,121.31.102.211:8123
https,27.154.146.114:35469
https,171.39.31.89:8123
https,171.39.41.196:8123
https,171.121.134.174:80
https,121.226.58.85:8118
https,183.189.186.209:80
https,110.73.35.208:8123
https,182.35.92.99:8118
https,122.237.72.167:8118
https,110.73.40.224:8123
https,110.73.43.216:8123
https,180.118.243.192:808
https,113.247.118.197:80
https,27.150.162.40:808
https,110.73.41.78:8123
https,121.31.70.254:8123
https,118.77.245.22:9999
https,121.31.100.232:8123
https,27.212.101.209:80
https,175.173.40.36:80
https,27.203.184.71:8118
https,180.120.252.136:21813
https,60.184.198.226:37153
https,124.133.237.202:8118
https,106.117.243.46:8118
https,106.88.243.8:8118
https,111.227.175.55:8118
https,120.33.247.227:44263
https,36.7.236.43:26126
https,121.12.42.174:61234
https,182.38.123.76:808
https,115.200.7.160:80
https,115.202.69.70:45837
https,222.85.50.101:808
https,114.231.157.199:22028
https,223.241.117.38:8010
https,222.85.19.161:41151
https,125.104.243.10:30321
https,183.149.85.12:45738
https,114.226.165.68:25279
https,115.230.70.106:25635
https,125.104.228.176:33888
https,49.87.147.229:41972
https,123.163.19.21:808
https,114.99.5.128:6890
https,171.39.112.233:8123
https,121.31.196.242:8123
https,114.82.108.108:8118
https,112.251.16.166:9999
https,180.105.36.50:30337
https,175.160.34.90:80
https,171.39.10.142:8123
https,27.40.146.141:61234
https,111.72.115.241:808
https,121.238.134.149:80
https,117.95.105.170:42159
https,121.206.143.196:38555
https,125.109.199.115:47751
https,49.66.199.234:808
https,222.79.176.39:43948
https,182.43.171.201:24976
https,182.90.123.168:8123
https,180.107.168.42:8118
https,123.146.98.246:53281
https,58.250.238.225:9999
https,59.40.50.148:8010
https,115.215.49.7:30084
https,115.200.20.119:80
https,140.250.129.85:40989
https,122.6.168.121:808
https,115.63.127.50:9999
https,121.12.42.237:61234
https,124.165.21.240:9999
https,121.31.87.158:8123
https,182.90.49.62:8123
https,182.123.130.89:9999
https,121.12.42.58:61234
https,121.12.42.148:61234
https,60.168.34.78:808
https,49.87.146.116:20239
https,27.153.128.249:39296
https,113.69.128.210:8118
https,114.103.110.143:808
https,121.12.42.213:61234
https,222.71.95.220:44926
https,42.58.188.241:80
https,113.124.222.245:28587
https,122.4.45.182:20286
https,120.39.112.54:31894
https,171.126.208.198:9999
https,121.12.42.224:61234
https,180.120.214.89:8118
https,114.234.176.72:22482
https,182.90.111.53:8123
https,180.155.128.5:47061
https,113.238.112.137:9999
https,124.131.84.225:8118
https,1.199.154.1:22406
https,120.42.125.98:23913
https,125.109.198.42:43898
https,36.99.207.136:48025
https,123.163.81.16:28969
https,180.122.158.180:42975
https,222.161.125.74:9999
https,121.204.160.104:8118
https,171.11.228.162:39845
https,218.81.67.127:45058
https,123.161.155.228:38838
https,121.31.103.50:8123
https,115.49.29.142:80
https,36.99.207.198:46245
https,58.54.112.113:80
https,115.200.34.41:80
https,123.162.85.26:26264
https,221.15.182.52:9999
https,58.243.81.180:8118
https,221.227.250.170:8888
https,183.130.56.146:80
https,180.102.28.226:47209
https,115.205.9.220:42457
https,113.228.235.5:80
https,121.12.42.193:61234
https,223.241.117.24:8010
https,140.250.138.171:24542
https,49.87.146.159:39936
https,182.90.104.155:8123
https,39.81.18.85:8118
https,125.45.89.73:53281
https,121.12.42.227:61234
https,114.99.30.221:8010
https,27.28.111.137:8118
https,182.42.39.214:808
https,121.12.42.45:61234
https,171.126.247.61:80
https,121.12.42.70:61234
https,61.157.136.105:808
https,114.239.146.20:808
https,1.85.73.159:9999
https,125.109.195.29:27565
https,171.124.134.105:9999
https,121.20.48.98:80
https,118.76.255.52:80
https,171.38.11.217:8123
https,121.12.42.73:61234
https,110.73.29.154:8123
https,110.72.23.217:9999
https,113.238.6.132:9999
https,114.238.131.121:808
https,182.90.92.199:8123
https,182.90.11.111:9999
https,123.9.240.59:8118
https,110.73.48.103:8123
https,171.124.130.212:9999
https,171.126.75.83:9999
https,121.12.42.114:61234
https,121.12.42.156:61234
https,182.35.225.52:8118
https,221.15.254.59:9999
https,182.43.233.213:20508
https,60.178.71.100:32841
https,60.167.132.127:48599
https,49.83.59.58:8118
https,113.69.128.37:8118
https,121.227.16.20:8118
https,49.72.154.95:8118
https,114.99.14.193:6890
https,49.85.9.115:45206
https,113.121.162.12:23258
https,171.12.164.245:21967
https,153.35.140.158:80
https,36.99.206.245:21228
https,115.202.65.138:30767
https,106.110.55.126:808
https,124.166.178.37:8118
https,121.12.42.198:61234
https,110.72.34.247:8123
https,119.183.108.52:8118
https,121.31.73.11:8123
https,171.117.50.253:8118
https,121.12.42.20:61234
https,171.37.157.175:8123
https,110.73.55.144:8123
https,59.32.37.145:3128
https,49.87.178.147:21907
https,121.225.84.180:8118
https,182.34.103.42:25500
https,182.90.77.241:8123
https,116.208.12.202:3128
https,115.213.249.164:22209
https,121.31.172.16:8123
https,110.73.14.4:8123
https,175.148.154.103:80
https,115.63.104.204:9999
https,116.249.222.186:8118
https,122.143.142.39:9999
https,110.246.175.242:9999
https,115.215.48.42:23019
https,180.118.195.156:43294
https,115.218.238.211:808
https,110.73.49.216:8123
https,110.73.15.187:8123
https,49.88.159.67:42233
https,120.39.115.3:25363
https,27.185.48.153:8118
https,110.73.30.95:8123
https,118.254.142.42:53281
https,60.221.48.153:80
https,110.73.50.54:8123
https,111.155.116.232:8123
https,49.85.12.52:47664
https,110.73.12.6:8123
https,182.96.195.37:8118
https,42.234.115.156:8118
https,222.163.223.220:80
https,27.185.247.118:8118
https,110.73.9.3:8123
https,27.22.7.68:3128
https,171.37.41.23:8123
https,110.73.30.171:8123
https,180.118.243.191:61234
https,180.122.156.111:41976
https,119.118.156.108:80
https,110.73.32.107:8123
https,121.204.165.137:8118
https,27.37.85.97:80
https,27.159.124.86:8118
https,27.159.125.42:8118
https,115.46.76.151:8123
https,180.122.149.198:48451
https,110.73.40.177:8123
https,144.52.207.140:8118
https,171.117.205.9:80
https,171.37.163.251:8123
https,171.38.79.209:8123
https,49.70.206.239:8118
https,144.12.30.146:4382
https,125.122.137.125:80
https,171.37.169.150:8123
https,180.118.91.41:21305
https,114.102.36.244:8118
https,110.73.12.202:8123
https,110.72.22.249:8123
https,110.73.12.94:8123
https,110.73.43.29:8123
https,110.73.51.111:8123
https,110.73.32.188:8123
https,49.81.122.250:8118
https,110.73.51.141:8123
https,124.164.175.119:80
https,221.227.58.69:35281
https,119.0.168.74:80
https,110.73.12.36:8123
https,113.121.248.165:808
https,119.177.185.230:9999
https,27.203.189.97:8118
https,59.40.69.231:8010
https,115.215.48.100:23194
https,222.71.91.171:42254
https,121.31.171.158:8123
https,118.81.111.51:80
https,223.241.78.189:8010
https,110.73.14.25:8123
https,112.114.125.180:9999
https,113.69.98.55:8118
https,114.89.170.40:8118
https,183.136.218.40:808
https,124.94.63.97:80
https,115.200.6.61:80
https,175.11.122.194:80
https,175.168.245.129:80
https,180.173.62.73:53281
https,60.5.235.181:80
https,123.163.19.240:48123
https,218.81.67.56:48380
https,125.104.246.46:27337
https,121.233.122.205:26763
https,171.12.226.158:808
https,123.161.238.179:38479
https,123.54.223.156:36149
https,114.135.40.92:80
https,123.55.134.159:808
https,113.121.254.22:45061
https,218.81.237.134:33326
https,180.122.149.29:44124
https,115.217.252.35:32993
https,120.33.247.117:25561
https,222.163.14.34:8118
https,219.139.202.189:8118
https,182.90.68.116:8123
https,115.215.214.28:8118
https,221.237.123.10:8118
https,222.76.145.110:38273
https,115.203.177.102:43844
https,175.151.56.217:80
https,110.73.148.231:8123
https,113.120.181.176:808
